,antecedents,consequents,antecedent support,consequent support,support,confidence,lift,representativity,leverage,conviction,zhangs_metric,jaccard,certainty,kulczynski
0,frozenset({'60 cake cases dolly girl design'}),frozenset({'pack of 72 retrospot cake cases'}),0.01852462620932278,0.05452946350043975,0.010059366754617414,0.543026706231454,9.958409112663922,1.0,0.009049228825876858,2.0689842259763105,0.9165613097615429,0.15968586387434555,0.5166710371955007,0.36375125634153344
1,frozenset({'60 teatime fairy cake cases'}),frozenset({'pack of 72 retrospot cake cases'}),0.034630606860158314,0.05452946350043975,0.017315303430079157,0.5,9.169354838709678,1.0,0.015426915017300076,1.8909410729991205,0.922901719621911,0.24100994644223417,0.4711627906976744,0.4087701612903226
2,frozenset({'alarm clock bakelike chocolate'}),frozenset({'alarm clock bakelike green'}),0.017150395778364115,0.04293095866314864,0.011378627968337732,0.6634615384615385,15.454151482320498,1.0,0.010642345036120143,2.843862294258073,0.9516130078137665,0.23363431151241537,0.6483655337253638,0.4642531764010638
3,frozenset({'alarm clock bakelike chocolate'}),frozenset({'alarm clock bakelike red'}),0.017150395778364115,0.046998680738786276,0.011983289357959543,0.6987179487179488,14.86675663517769,1.0,0.01117724338222838,3.1631533149946676,0.9490117603595838,0.22971548998946265,0.6838597752250634,0.4768443544759335
4,frozenset({'alarm clock bakelike ivory'}),frozenset({'alarm clock bakelike green'}),0.02534080914687775,0.04293095866314864,0.014951627088830254,0.5900216919739696,13.74350143455884,1.0,0.013863721858854906,2.334438243684066,0.9513462214731925,0.28041237113402057,0.5716314180914626,0.4691465694184829
5,frozenset({'alarm clock bakelike orange'}),frozenset({'alarm clock bakelike green'}),0.019294195250659632,0.04293095866314864,0.011928320140721196,0.6182336182336182,14.400647865436596,1.0,0.011100001841976409,2.50694950380026,0.9488662912563279,0.2371584699453552,0.6011088382577671,0.4480412649426734
6,frozenset({'alarm clock bakelike pink'}),frozenset({'alarm clock bakelike green'}),0.03265171503957784,0.04293095866314864,0.01852462620932278,0.5673400673400674,13.215173501985282,1.0,0.017122856780677754,2.212058406825252,0.9555290711144341,0.3246628131021195,0.5479323706306648,0.4994190733627354
7,frozenset({'alarm clock bakelike green'}),frozenset({'alarm clock bakelike red'}),0.04293095866314864,0.046998680738786276,0.02880386983289358,0.6709346991037132,14.275607071455848,1.0,0.026786171412874225,2.896085721179019,0.9716649472716423,0.47122302158273394,0.6547063532384352,0.6419000980898684
8,frozenset({'alarm clock bakelike red'}),frozenset({'alarm clock bakelike green'}),0.046998680738786276,0.04293095866314864,0.02880386983289358,0.6128654970760234,14.275607071455848,1.0,0.026786171412874225,2.472187402848967,0.9758123318305685,0.47122302158273394,0.5954999209009831,0.6419000980898684
9,frozenset({'alarm clock bakelike ivory'}),frozenset({'alarm clock bakelike red'}),0.02534080914687775,0.046998680738786276,0.01693051890941073,0.6681127982646421,14.215564942725578,1.0,0.015739534310654106,2.871461491368755,0.953825276297218,0.3055555555555556,0.6517452861527582,0.5141733581966486
10,frozenset({'alarm clock bakelike orange'}),frozenset({'alarm clock bakelike red'}),0.019294195250659632,0.046998680738786276,0.013192612137203167,0.6837606837606838,14.548508022192234,1.0,0.012285810414505608,3.0135447122584327,0.9495859256768118,0.24844720496894407,0.6681648704490026,0.48223121907332434
11,frozenset({'alarm clock bakelike pink'}),frozenset({'alarm clock bakelike red'}),0.03265171503957784,0.046998680738786276,0.020943271767810027,0.6414141414141413,13.6474924685451,1.0,0.019408684237091082,2.6576656508974685,0.9580070390962466,0.3567415730337079,0.6237299452388567,0.5435140882509304
12,frozenset({'painted metal pears assorted'}),frozenset({'assorted colour bird ornament'}),0.018799472295514513,0.07464819700967458,0.013632365875109938,0.7251461988304093,9.714182363124305,1.0,0.012229019163516451,3.366705495986077,0.9142450528598536,0.17079889807162535,0.70297372277075,0.4538838505197702
13,frozenset({'back door'}),frozenset({'key fob '}),0.01280782761653474,0.020503518029903255,0.01280782761653474,1.0,48.77211796246649,1.0,0.012545222092075228,inf,0.9922044657274903,0.6246648793565684,1.0,0.8123324396782842
14,frozenset({'key fob '}),frozenset({'back door'}),0.020503518029903255,0.01280782761653474,0.01280782761653474,0.6246648793565683,48.77211796246649,1.0,0.012545222092075228,2.6301620021359464,1.0,0.6246648793565684,0.6197952828807112,0.8123324396782842
15,frozenset({'baking set spaceboy design'}),frozenset({'baking set 9 piece retrospot'}),0.02264731750219877,0.04529463500439754,0.01643579595426561,0.7257281553398058,16.022386652841927,1.0,0.015409993974174814,3.480872658214055,0.9593131962183657,0.31910352187833513,0.7127157186746745,0.5442961165048543
16,frozenset({'bathroom metal sign'}),frozenset({'toilet metal sign'}),0.02259234828496042,0.016380826737027263,0.012203166226912929,0.5401459854014599,32.9742810953804,1.0,0.011833084884074417,2.1389813767782107,0.9920869072210391,0.45585215605749485,0.532487748207408,0.6425562141772401
17,frozenset({'toilet metal sign'}),frozenset({'bathroom metal sign'}),0.016380826737027263,0.02259234828496042,0.012203166226912929,0.7449664429530202,32.9742810953804,1.0,0.011833084884074417,3.832466844882656,0.9858219122218227,0.45585215605749485,0.7390714543727205,0.6425562141772401
18,frozenset({'pink happy birthday bunting'}),frozenset({'blue happy birthday bunting'}),0.019074318381706243,0.018799472295514513,0.013412489006156552,0.7031700288184438,37.40371100662318,1.0,0.013053901886183843,3.3055978943054027,0.992190033485065,0.5483146067415731,0.6974828663453855,0.7083101606080523
19,frozenset({'blue happy birthday bunting'}),frozenset({'pink happy birthday bunting'}),0.018799472295514513,0.019074318381706243,0.013412489006156552,0.7134502923976608,37.40371100662319,1.0,0.013053901886183843,3.4232304399332287,0.9919121091059374,0.5483146067415731,0.7078782695039644,0.7083101606080523
20,frozenset({'blue harmonica in box'}),frozenset({'red  harmonica in box'}),0.027484608619173262,0.029683377308707123,0.014511873350923483,0.528,17.787733333333335,1.0,0.013696037343098419,2.0557555565493497,0.9704540316116169,0.34020618556701027,0.5135608429639701,0.5084444444444445
21,frozenset({'red stripe ceramic drawer knob'}),frozenset({'blue stripe ceramic drawer knob'}),0.017480211081794195,0.01896437994722955,0.011268689533861037,0.6446540880503144,33.992890347279186,1.0,0.01093718816934812,2.7607905059892124,0.9878499087105674,0.4475982532751091,0.637784903334528,0.6194284933005195
22,frozenset({'blue stripe ceramic drawer knob'}),frozenset({'red stripe ceramic drawer knob'}),0.01896437994722955,0.017480211081794195,0.011268689533861037,0.5942028985507246,33.992890347279186,1.0,0.01093718816934812,2.42120947983415,0.9893443866359996,0.4475982532751091,0.5869832790888879,0.6194284933005195
23,frozenset({'candleholder pink hanging heart'}),frozenset({'white hanging heart t-light holder'}),0.01802990325417766,0.10548592788038698,0.013247581354441512,0.7347560975609755,6.965441858691645,1.0,0.011345680280080973,3.3724208696003783,0.872159032840103,0.1201395812562313,0.7034771048257399,0.43017117019789264
24,frozenset({'charlotte bag dolly girl design'}),frozenset({'red retrospot charlotte bag'}),0.01868953386103782,0.040292436235708,0.010224274406332454,0.5470588235294118,13.577208891742238,1.0,0.009471227554961482,2.1188348810380475,0.9439898905938673,0.20969560315670802,0.5280425063088986,0.400405264425006
25,frozenset({'charlotte bag pink polkadot'}),frozenset({'red retrospot charlotte bag'}),0.026495162708883024,0.040292436235708,0.01759014951627089,0.6639004149377594,16.477048224485294,1.0,0.01652259486226851,2.855426208236968,0.9648740118577075,0.35754189944134085,0.6497895840854413,0.5502312443038047
26,frozenset({'charlotte bag suki design'}),frozenset({'red retrospot charlotte bag'}),0.031827176781002636,0.040292436235708,0.016270888302550572,0.5112262521588947,12.68789628823276,1.0,0.014988493811539418,1.963500633991255,0.9514672439429721,0.2913385826771654,0.49070553750355766,0.457523085151753
27,frozenset({'childrens cutlery dolly girl'}),frozenset({'childrens cutlery spaceboy'}),0.014456904133685135,0.01709542656112577,0.011213720316622692,0.7756653992395438,45.37268470407003,1.0,0.010966573373704042,4.381422081600407,0.9923059803429433,0.5513513513513513,0.7717636006356345,0.7158069761471031
28,frozenset({'childrens cutlery spaceboy'}),frozenset({'childrens cutlery dolly girl'}),0.01709542656112577,0.014456904133685135,0.011213720316622692,0.6559485530546624,45.37268470407003,1.0,0.010966573373704042,2.8645224562095692,0.9949697400351561,0.5513513513513513,0.6509016719934417,0.7158069761471031
29,frozenset({'hot water bottle i am so poorly'}),frozenset({'chocolate hot water bottle'}),0.0269349164467898,0.03726912928759894,0.015281442392260335,0.5673469387755102,15.222972728914577,1.0,0.014277601508854251,2.2251798426843235,0.9601719595964852,0.31235955056179776,0.550598122085422,0.488688218650292
30,frozenset({'hot water bottle tea and sympathy'}),frozenset({'chocolate hot water bottle'}),0.027704485488126648,0.03726912928759894,0.014072119613016711,0.507936507936508,13.628880460738872,1.0,0.013039597561513312,1.9565175759639122,0.9530295963364994,0.27645788336933047,0.4888878013235671,0.44275881444023046
31,frozenset({'christmas craft tree top angel'}),frozenset({'christmas craft little friends'}),0.018469656992084433,0.022812225153913807,0.010664028144239225,0.5773809523809523,25.310154905335626,1.0,0.010242694170420237,2.3122189601991896,0.9785639064405277,0.348294434470377,0.5675150073530002,0.5224254159495123
32,frozenset({'christmas craft white fairy'}),frozenset({'christmas craft little friends'}),0.017480211081794195,0.022812225153913807,0.011048812664907651,0.6320754716981132,27.707751761764037,1.0,0.010650050153971823,2.65594625983808,0.9810581199407461,0.37781954887218044,0.6234863577168294,0.5582064105478518
33,frozenset({'spaceboy lunch box'}),frozenset({'dolly girl lunch box'}),0.03781882145998241,0.032816622691292874,0.02259234828496042,0.5973837209302325,18.203692883019748,1.0,0.02135126229047881,2.4022460779364274,0.9822121992553945,0.4702517162471395,0.5837229128253931,0.6429129659927544
34,frozenset({'dolly girl lunch box'}),frozenset({'spaceboy lunch box'}),0.032816622691292874,0.03781882145998241,0.02259234828496042,0.6884422110552764,18.20369288301975,1.0,0.02135126229047881,3.088291202088121,0.9771322725641617,0.4702517162471395,0.6761963381808493,0.6429129659927544
35,frozenset({'feltcraft cushion rabbit'}),frozenset({'feltcraft cushion butterfly'}),0.0173702726473175,0.015611257695690413,0.010664028144239225,0.6139240506329114,39.32572651096452,1.0,0.01039285634169755,2.549728217771819,0.991799175534553,0.47783251231527085,0.6078013362248116,0.6485113210911035
36,frozenset({'feltcraft cushion butterfly'}),frozenset({'feltcraft cushion rabbit'}),0.015611257695690413,0.0173702726473175,0.010664028144239225,0.6830985915492958,39.32572651096452,1.0,0.01039285634169755,3.100742695201798,0.9900269187991774,0.47783251231527085,0.677496619907406,0.6485113210911035
37,frozenset({'feltcraft cushion rabbit'}),frozenset({'feltcraft cushion owl'}),0.0173702726473175,0.022427440633245383,0.010773966578715918,0.620253164556962,27.655994043186894,1.0,0.01038439582013492,2.5742744063324534,0.9808796196930327,0.3712121212121212,0.6115410239327628,0.5503226607098535
38,frozenset({'feltcraft princess charlotte doll'}),frozenset({'feltcraft princess lola doll'}),0.02132805628847845,0.020173702726473175,0.012587950747581355,0.5902061855670103,29.25621506222085,1.0,0.012157684880284104,2.3910226625291093,0.9868671874923354,0.43536121673003814,0.5817689160075766,0.6070921936009439
39,frozenset({'feltcraft princess lola doll'}),frozenset({'feltcraft princess charlotte doll'}),0.020173702726473175,0.02132805628847845,0.012587950747581355,0.6239782016348774,29.25621506222085,1.0,0.012157684880284104,2.6027000242183216,0.9857045389124005,0.43536121673003814,0.6157836129039367,0.6070921936009439
40,frozenset({'gardeners kneeling pad cup of tea'}),frozenset({'gardeners kneeling pad keep calm'}),0.03468557607739666,0.041171943711521546,0.02534080914687775,0.7305863708399365,17.744762694686415,1.0,0.023912736561017476,3.5589441383413507,0.9775523088346156,0.5016322089227422,0.7190177869816043,0.6730368436309162
41,frozenset({'gardeners kneeling pad keep calm'}),frozenset({'gardeners kneeling pad cup of tea'}),0.041171943711521546,0.03468557607739666,0.02534080914687775,0.6154873164218959,17.74476269468642,1.0,0.023912736561017476,2.510487859437604,0.9841653440030205,0.5016322089227422,0.601671047226646,0.6730368436309162
42,frozenset({'green regency teacup and saucer'}),frozenset({'pink regency teacup and saucer'}),0.03589489885664028,0.02891380826737027,0.023746701846965697,0.6615620214395099,22.880487251002975,1.0,0.022708843623648153,2.8693180235357794,0.9918987420626625,0.5783132530120483,0.651485129289458,0.7414273985524547
43,frozenset({'pink regency teacup and saucer'}),frozenset({'green regency teacup and saucer'}),0.02891380826737027,0.03589489885664028,0.023746701846965697,0.8212927756653993,22.880487251002975,1.0,0.022708843623648153,5.394885991504332,0.984768031078741,0.5783132530120483,0.814639271047662,0.7414273985524547
44,frozenset({'green regency teacup and saucer'}),frozenset({'regency cakestand 3 tier'}),0.03589489885664028,0.0894349164467898,0.01912928759894459,0.5329249617151608,5.958802030437741,1.0,0.015919030318834997,1.9495049165909712,0.8631642258008917,0.18012422360248448,0.4870492546647875,0.3734077789522331
45,frozenset({'green regency teacup and saucer'}),frozenset({'roses regency teacup and saucer'}),0.03589489885664028,0.04034740545294635,0.027814423922603342,0.774885145482389,19.205327747432726,1.0,0.026366157884741975,4.262946559450517,0.9832238352157935,0.5743473325766175,0.7654204700776504,0.7321292212425569
46,frozenset({'roses regency teacup and saucer'}),frozenset({'green regency teacup and saucer'}),0.04034740545294635,0.03589489885664028,0.027814423922603342,0.6893732970027248,19.205327747432726,1.0,0.026366157884741975,3.103741860698359,0.98778570545594,0.5743473325766175,0.6778082569743753,0.7321292212425569
47,frozenset({'hand warmer bird design'}),frozenset({'hand warmer owl design'}),0.026000439753737906,0.031222515391380826,0.014676781002638523,0.5644820295983087,18.079325849388084,1.0,0.013864981872244771,2.22442597194115,0.9699061905447357,0.3449612403100776,0.550445817206788,0.51727622606676
48,frozenset({'hand warmer bird design'}),frozenset({'hand warmer scotty dog design'}),0.026000439753737906,0.025725593667546173,0.013192612137203167,0.5073995771670191,19.723532281671822,1.0,0.01252373538892099,1.977818859207085,0.9746402167165189,0.34236804564907275,0.4943925247022349,0.510110044993766
49,frozenset({'hand warmer scotty dog design'}),frozenset({'hand warmer bird design'}),0.025725593667546173,0.026000439753737906,0.013192612137203167,0.5128205128205129,19.72353228167182,1.0,0.01252373538892099,1.9992622552423278,0.9743652674339878,0.34236804564907275,0.4998154957520611,0.510110044993766
50,frozenset({'hand warmer red love heart'}),frozenset({'hand warmer owl design'}),0.020228671943711522,0.031222515391380826,0.011048812664907651,0.546195652173913,17.493646662584197,1.0,0.010417222643797925,2.1347911038082144,0.9623024911349892,0.273469387755102,0.5315700921668081,0.4500344458052663
51,frozenset({'hand warmer red retrospot'}),frozenset({'hand warmer owl design'}),0.01863456464379947,0.031222515391380826,0.0102792436235708,0.551622418879056,17.667456063816527,1.0,0.00969742564216809,2.160628732120539,0.9613123934592398,0.2597222222222222,0.5371717569364383,0.4404238854958661
52,frozenset({'hand warmer scotty dog design'}),frozenset({'hand warmer owl design'}),0.025725593667546173,0.031222515391380826,0.015391380826737027,0.5982905982905984,19.162152401589026,1.0,0.014588163082499658,2.411637568068265,0.972840700261147,0.3703703703703704,0.5853439947856653,0.5456241723847358
53,frozenset({'heart of wicker large'}),frozenset({'heart of wicker small'}),0.04364555848724714,0.051835971855760776,0.02198768689533861,0.5037783375314862,9.718701501985997,1.0,0.01972527695396471,1.91076710240235,0.9380471893321072,0.29917726252804794,0.47664998065817127,0.46397824617825634
54,frozenset({'ivory diner wall clock'}),frozenset({'red diner wall clock'}),0.02077836411609499,0.021932717678100264,0.01044415127528584,0.5026455026455026,22.917611489040056,1.0,0.009988425281314758,1.96653953573233,0.9766588076793533,0.323679727427598,0.49149255235918515,0.48941798941798936
55,frozenset({'red kitchen scales'}),frozenset({'ivory kitchen scales'}),0.023361917326297273,0.03199208443271768,0.013412489006156552,0.5741176470588235,17.94561552456034,1.0,0.01266509257454348,2.2729467630723477,0.9668638763889952,0.31979030144167764,0.5600424892273774,0.4966808166565595
56,frozenset({'jumbo  bag baroque black white'}),frozenset({'jumbo bag red retrospot'}),0.03523526824978012,0.08646657871591909,0.01962401055408971,0.5569422776911077,6.441127727753739,1.0,0.01657733745839357,2.061883531841887,0.875599672949916,0.19224555735056542,0.5150065536889482,0.3919485705048037
57,frozenset({'jumbo bag vintage christmas'}),"frozenset({""jumbo bag 50's christmas""})",0.02088830255057168,0.031827176781002636,0.01330255057167986,0.6368421052631579,20.009380965366784,1.0,0.012637734873747747,2.6659831364001376,0.9702911770874126,0.33751743375174337,0.6249038539117339,0.5274020543586947
58,frozenset({'jumbo bag pears'}),frozenset({'jumbo bag apples'}),0.025395778364116096,0.0387532981530343,0.01693051890941073,0.6666666666666666,17.202836879432624,1.0,0.01594634873863776,2.883740105540897,0.9664128595600677,0.3585564610011642,0.6532281123120032,0.5517730496453901
59,frozenset({'jumbo bag pears'}),frozenset({'jumbo bag vintage leaf'}),0.025395778364116096,0.04128188214599824,0.013027704485488126,0.512987012987013,12.426444394487005,1.0,0.011979318956054794,1.9685678686602168,0.9434870454853748,0.242827868852459,0.4920164979221226,0.4142831203417089
60,frozenset({'jumbo bag pink polkadot'}),frozenset({'jumbo bag red retrospot'}),0.047493403693931395,0.08646657871591909,0.02962840809146878,0.6238425925925927,7.214840714840715,1.0,0.025521815962480536,2.428593464582911,0.9043473345016677,0.2839831401475237,0.5882390302933056,0.48324996762496764
61,frozenset({'jumbo bag pink vintage paisley'}),frozenset({'jumbo bag red retrospot'}),0.032541776605101144,0.08646657871591909,0.017919964819700967,0.5506756756756757,6.36865345956255,1.0,0.015106188731320134,2.033127012782616,0.8713357501394312,0.17727025557368134,0.508146813399837,0.3789614869160324
62,frozenset({'jumbo bag scandinavian blue paisley'}),frozenset({'jumbo bag pink vintage paisley'}),0.024461301671064205,0.032541776605101144,0.012972735268249781,0.5303370786516854,16.29711509262071,1.0,0.012176721053800021,2.0598990880896175,0.9621755121180662,0.29463171036204744,0.5145393258426967,0.46449286365016706
63,frozenset({'jumbo bag scandinavian blue paisley'}),frozenset({'jumbo bag red retrospot'}),0.024461301671064205,0.08646657871591909,0.014456904133685135,0.5910112359550561,6.835140753016135,1.0,0.01234181906725022,2.233639409183604,0.8751034020423524,0.14985754985754984,0.5523001627350852,0.3791038379393844
64,frozenset({'jumbo bag spaceboy design'}),frozenset({'jumbo bag red retrospot'}),0.025945470536499562,0.08646657871591909,0.014456904133685135,0.5572033898305084,6.444147531974958,1.0,0.012213488063219338,2.0630994011774457,0.8673235544035225,0.14758698092031422,0.5152923802753842,0.36219991487711056
65,frozenset({'jumbo bag strawberry'}),frozenset({'jumbo bag red retrospot'}),0.03545514511873351,0.08646657871591909,0.022372471416007036,0.6310077519379845,7.2977069442185725,1.0,0.01930678631971373,2.475752339194253,0.8946920933585321,0.2247377139701822,0.5960823769935504,0.44487450533962164
66,frozenset({'jumbo bag woodland animals'}),frozenset({'jumbo bag red retrospot'}),0.026660070360598066,0.08646657871591909,0.014291996481970097,0.5360824742268041,6.199880719093464,1.0,0.011986791409563503,1.9691720414345744,0.8616789970068334,0.1446051167964405,0.49217235520392444,0.3506858652125756
67,frozenset({'jumbo shopper vintage red paisley'}),frozenset({'jumbo bag red retrospot'}),0.042985927880386986,0.08646657871591909,0.021547933157431837,0.5012787723785166,5.797370265168451,1.0,0.017831087040685534,1.8317516293439775,0.864676939127173,0.1996943453897096,0.4540744585781319,0.3752420562464738
68,frozenset({'jumbo storage bag skulls'}),frozenset({'jumbo bag red retrospot'}),0.02578056288478452,0.08646657871591909,0.013577396657871593,0.5266524520255864,6.090820983629668,1.0,0.01134823958785367,1.9299422278479008,0.8579366092826152,0.13760445682451256,0.48184977479086993,0.3418386227070081
69,frozenset({'jumbo storage bag suki'}),frozenset({'jumbo bag red retrospot'}),0.04221635883905013,0.08646657871591909,0.023636763412489006,0.5598958333333334,6.475286077558805,1.0,0.01998645929783279,2.0757209098999234,0.8828368249087066,0.22501308215593926,0.5182396654431675,0.4166294169845306
70,frozenset({'key fob '}),frozenset({'shed'}),0.020503518029903255,0.014511873350923483,0.014511873350923483,0.7077747989276139,48.77211796246648,1.0,0.01421432889402515,3.3723584517440863,1.0,0.7077747989276139,0.7034716165825051,0.853887399463807
71,frozenset({'shed'}),frozenset({'key fob '}),0.014511873350923483,0.020503518029903255,0.014511873350923483,1.0,48.77211796246649,1.0,0.01421432889402515,inf,0.9939201249442213,0.7077747989276139,1.0,0.853887399463807
72,frozenset({'large white heart of wicker'}),frozenset({'small white heart of wicker'}),0.027704485488126648,0.03171723834652595,0.015391380826737027,0.5555555555555556,17.515886770652802,1.0,0.014512671057242245,2.1786362137203166,0.969776119402985,0.3495630461922597,0.5409972561264075,0.5204120932023878
73,frozenset({'lunch bag vintage leaf design'}),frozenset({'lunch bag apple design'}),0.032321899736147755,0.04683377308707124,0.016490765171503958,0.5102040816326531,10.893935038804255,1.0,0.014977008653518146,1.946047713280563,0.9385412406271303,0.2631578947368421,0.486137984605607,0.43115837884449554
74,frozenset({'lunch bag dolly girl design'}),frozenset({'lunch bag red retrospot'}),0.03226693051890941,0.0695910290237467,0.016545734388742305,0.5127768313458263,7.368432950903059,1.0,0.014300245490493663,1.9096156152554573,0.8931036467478942,0.1939432989690722,0.4763344036301118,0.37526677270292896
75,frozenset({'lunch bag dolly girl design'}),frozenset({'lunch bag spaceboy design'}),0.03226693051890941,0.053759894459102904,0.019294195250659632,0.5979557069846679,11.122709837898853,1.0,0.017559528471443854,2.3535717879343507,0.9404389293057285,0.2891268533772653,0.5751138736763727,0.4784257062530702
76,frozenset({'lunch bag pink polkadot'}),frozenset({'lunch bag red retrospot'}),0.050241864555848725,0.0695910290237467,0.027924362357080037,0.5557986870897156,7.986642745289184,1.0,0.024427979302566818,2.0945660085524525,0.9210670708643187,0.3038277511961723,0.5225741294774965,0.47853125507724326
77,frozenset({'lunch bag suki design'}),frozenset({'lunch bag red retrospot'}),0.0490325417766051,0.0695910290237467,0.024571240105540897,0.5011210762331839,7.200943616772577,1.0,0.0211590150676571,1.864999555305209,0.9055297358109943,0.26125073056691994,0.46380684265828204,0.42710082247678155
78,frozenset({'lunch bag woodland'}),frozenset({'lunch bag red retrospot'}),0.0443051890941073,0.0695910290237467,0.02341688654353562,0.5285359801488834,7.594886691049358,1.0,0.020333642843385014,1.9734463963338424,0.9085876121794613,0.25880923450789795,0.4932722764308452,0.43251443557207203
79,frozenset({'pack of 60 dinosaur cake cases'}),frozenset({'pack of 72 retrospot cake cases'}),0.028034300791556728,0.05452946350043975,0.014127088830255057,0.503921568627451,9.241271347248578,1.0,0.012598393448481515,1.905889223773817,0.9175115761065465,0.20642570281124498,0.4753105335157319,0.3814970746363061
80,frozenset({'pack of 60 pink paisley cake cases'}),frozenset({'pack of 72 retrospot cake cases'}),0.03562005277044855,0.05452946350043975,0.01786499560246262,0.5015432098765431,9.197655316606928,1.0,0.015922653235032707,1.8967953797266717,0.9241965695043671,0.247148288973384,0.4727950043066321,0.4145820888092393
81,frozenset({'pack of 60 spaceboy cake cases'}),frozenset({'pack of 72 retrospot cake cases'}),0.021602902374670184,0.05452946350043975,0.011378627968337732,0.5267175572519085,9.659320364442257,1.0,0.01020063329179459,1.9976877464748777,0.9162670757435486,0.17572156196943975,0.4994212675306232,0.3676934560453091
82,frozenset({'paper chain kit vintage christmas'}),"frozenset({""paper chain kit 50's christmas""})",0.03781882145998241,0.0529353562005277,0.024406332453825858,0.6453488372093024,12.19126276896327,1.0,0.022404379668757527,2.670411782516545,0.9540552892929491,0.36785418392709196,0.6255259183070189,0.5532040136202275
83,frozenset({'pink blue felt craft trinket box'}),frozenset({'pink cream felt craft trinket box'}),0.02484608619173263,0.028968777484608618,0.01280782761653474,0.5154867256637168,17.794562643784317,1.0,0.012088066874283031,2.0041375003514013,0.9678503515248874,0.31233243967828417,0.5010322396419097,0.4788059814276838
84,frozenset({'pink regency teacup and saucer'}),frozenset({'regency cakestand 3 tier'}),0.02891380826737027,0.0894349164467898,0.015776165347405453,0.5456273764258556,6.100831734443248,1.0,0.013190261320854694,2.0040051629664797,0.8609821973427964,0.1538049303322615,0.5009992895828049,0.36101282773351784
85,frozenset({'roses regency teacup and saucer'}),frozenset({'pink regency teacup and saucer'}),0.04034740545294635,0.02891380826737027,0.022372471416007036,0.5544959128065395,19.177546855088533,1.0,0.021205874270654696,2.1797469869472486,0.9877071063919501,0.4771395076201641,0.5412311584838995,0.6641300856808363
86,frozenset({'pink regency teacup and saucer'}),frozenset({'roses regency teacup and saucer'}),0.02891380826737027,0.04034740545294635,0.022372471416007036,0.7737642585551331,19.17754685508853,1.0,0.021205874270654696,4.241825754048321,0.9760778140717007,0.4771395076201641,0.7642524568470032,0.6641300856808363
87,frozenset({'pink vintage paisley picnic bag'}),frozenset({'scandinavian paisley picnic bag'}),0.015281442392260335,0.016985488126649077,0.010664028144239225,0.697841726618705,41.084584759376966,1.0,0.010404465385927415,3.25330993215228,0.9908008365282466,0.4936386768447835,0.6926207398449634,0.6628367209145305
88,frozenset({'scandinavian paisley picnic bag'}),frozenset({'pink vintage paisley picnic bag'}),0.016985488126649077,0.015281442392260335,0.010664028144239225,0.627831715210356,41.08458475937696,1.0,0.010404465385927415,2.6458959504416653,0.9925183797778342,0.4936386768447835,0.6220561886293846,0.6628367209145305
89,frozenset({'plasters in tin spaceboy'}),frozenset({'plasters in tin woodland animals'}),0.031387423043095865,0.0316622691292876,0.015886103781882144,0.5061295971978984,15.985259778166958,1.0,0.01489230674621684,1.9607122139261588,0.9678197353778687,0.3368298368298368,0.4899812461525981,0.5039328541545047
90,frozenset({'plasters in tin woodland animals'}),frozenset({'plasters in tin spaceboy'}),0.0316622691292876,0.031387423043095865,0.015886103781882144,0.501736111111111,15.985259778166958,1.0,0.01489230674621684,1.9439750673420793,0.9680944344399083,0.3368298368298368,0.4855901102850764,0.5039328541545047
91,"frozenset({""poppy's playhouse bedroom""})","frozenset({""poppy's playhouse kitchen""})",0.016875549692172382,0.01852462620932278,0.013522427440633245,0.8013029315960912,43.256091785151604,1.0,0.0132098141905089,4.939556389405539,0.9936502633128093,0.6180904522613065,0.7975526704898399,0.7656366290027934
92,"frozenset({""poppy's playhouse kitchen""})","frozenset({""poppy's playhouse bedroom""})",0.01852462620932278,0.016875549692172382,0.013522427440633245,0.7299703264094956,43.25609178515161,1.0,0.0132098141905089,3.6408015357553616,0.9953197960991091,0.6180904522613065,0.7253352070473326,0.7656366290027934
93,"frozenset({""poppy's playhouse bedroom""})","frozenset({""poppy's playhouse livingroom""})",0.016875549692172382,0.013412489006156552,0.010883905013192613,0.6449511400651466,48.08586532813585,1.0,0.010657561888473503,2.7787373016065136,0.9960121200825702,0.5609065155807367,0.6401243113475121,0.7282132749506061
94,"frozenset({""poppy's playhouse livingroom""})","frozenset({""poppy's playhouse bedroom""})",0.013412489006156552,0.016875549692172382,0.010883905013192613,0.8114754098360656,48.08586532813585,1.0,0.010657561888473503,5.21483404076326,0.9925159776953849,0.5609065155807367,0.8082393433456923,0.7282132749506061
95,"frozenset({""poppy's playhouse livingroom""})","frozenset({""poppy's playhouse kitchen""})",0.013412489006156552,0.01852462620932278,0.011433597185576077,0.8524590163934426,46.01760957338132,1.0,0.011185135840200377,6.6522219779145875,0.9915685913150813,0.5576407506702413,0.8496742887835064,0.7348348494430121
96,"frozenset({""poppy's playhouse kitchen""})","frozenset({""poppy's playhouse livingroom""})",0.01852462620932278,0.013412489006156552,0.011433597185576077,0.6172106824925816,46.01760957338133,1.0,0.011185135840200377,2.5773642729063972,0.996733300303729,0.5576407506702413,0.612006726983789,0.7348348494430121
97,frozenset({'red hanging heart t-light holder'}),frozenset({'white hanging heart t-light holder'}),0.03622471416007036,0.10548592788038698,0.024131486367634125,0.6661608497723824,6.315163199092852,1.0,0.02031028878225731,2.6794762433037502,0.8732854817086219,0.20523609163160358,0.6267927351477405,0.44746291576685826
98,frozenset({'strawberry charlotte bag'}),frozenset({'red retrospot charlotte bag'}),0.02671503957783641,0.040292436235708,0.016051011433597186,0.6008230452674898,14.911559126202148,1.0,0.014974597404872798,2.4042158556157007,0.9585455127818292,0.31499460625674225,0.5840639692712167,0.49959296874561393
99,frozenset({'woodland charlotte bag'}),frozenset({'red retrospot charlotte bag'}),0.02880386983289358,0.040292436235708,0.015721196130167106,0.5458015267175572,13.54600460306385,1.0,0.014560618041583609,2.1129695941701216,0.9536461953260686,0.2945417095777549,0.526732423050908,0.46798944002999276
100,frozenset({'roses regency teacup and saucer'}),frozenset({'regency cakestand 3 tier'}),0.04034740545294635,0.0894349164467898,0.021273087071240107,0.5272479564032698,5.8953256440616375,1.0,0.0176646202357111,1.9260944418675976,0.8652861367096462,0.196048632218845,0.48081465879192786,0.3825545252206884
101,frozenset({'regency sugar bowl green'}),frozenset({'regency milk jug pink'}),0.013247581354441512,0.0134674582233949,0.010114335971855761,0.7634854771784233,56.69113388093827,1.0,0.009935924723403796,4.171128816985297,0.9955491761389096,0.609271523178808,0.7602567449061056,0.7572529426708443
102,frozenset({'regency milk jug pink'}),frozenset({'regency sugar bowl green'}),0.0134674582233949,0.013247581354441512,0.010114335971855761,0.7510204081632653,56.691133880938274,1.0,0.009935924723403796,3.963185943740358,0.9957710626215839,0.609271523178808,0.7476777486104463,0.7572529426708443
103,frozenset({'regency tea plate green'}),frozenset({'regency tea plate roses'}),0.013522427440633245,0.016545734388742305,0.011378627968337732,0.8414634146341464,50.856818734300305,1.0,0.011154889475613973,6.203326906163321,0.9937752064567292,0.6088235294117648,0.8387961790299252,0.7645855279150799
104,frozenset({'regency tea plate roses'}),frozenset({'regency tea plate green'}),0.016545734388742305,0.013522427440633245,0.011378627968337732,0.6877076411960134,50.856818734300305,1.0,0.011154889475613973,3.1588271206422283,0.9968302417457081,0.6088235294117648,0.6834268031114384,0.7645855279150799
105,frozenset({'round snack boxes set of 4 fruits'}),frozenset({'round snack boxes set of4 woodland'}),0.02484608619173263,0.03221196130167107,0.014291996481970097,0.5752212389380531,17.857380168534235,1.0,0.013491655315064022,2.2783343411023163,0.9680530743213945,0.3341902313624679,0.5610828569102047,0.5094536228819958
106,frozenset({'set of 12 mini loaf baking cases'}),frozenset({'set of 12 fairy cake baking cases'}),0.019294195250659632,0.024791116974494282,0.013247581354441512,0.6866096866096866,27.695794720184963,1.0,0.012769256703053677,3.111802890381386,0.9828568677536776,0.429590017825312,0.6786428847755718,0.6104888787815617
107,frozenset({'set of 12 fairy cake baking cases'}),frozenset({'set of 12 mini loaf baking cases'}),0.024791116974494282,0.019294195250659632,0.013247581354441512,0.5343680709534369,27.695794720184963,1.0,0.012769256703053677,2.10618246639025,0.9883968985735507,0.429590017825312,0.5252073284448698,0.6104888787815617
108,frozenset({'set of 6 snack loaf baking cases'}),frozenset({'set of 12 fairy cake baking cases'}),0.01533641160949868,0.024791116974494282,0.010554089709762533,0.6881720430107527,27.758815535369433,1.0,0.01017388293558246,3.127394004185243,0.978989595545135,0.3568773234200744,0.6802449583705323,0.5569463319266624
109,frozenset({'set of 6 tea time baking cases'}),frozenset({'set of 12 fairy cake baking cases'}),0.016985488126649077,0.024791116974494282,0.011433597185576077,0.6731391585760518,27.152433642606507,1.0,0.011012507962559436,2.983559850048329,0.9798134992838062,0.37681159420289856,0.6648299178634538,0.5671682489110857
110,frozenset({'set of 12 mini loaf baking cases'}),frozenset({'set of 6 snack loaf baking cases'}),0.019294195250659632,0.01533641160949868,0.010334212840809147,0.5356125356125355,34.924241031767906,1.0,0.010038309120770996,2.1203491995402817,0.990477050828417,0.42533936651583704,0.5283795705835564,0.6047238305302821
111,frozenset({'set of 6 snack loaf baking cases'}),frozenset({'set of 12 mini loaf baking cases'}),0.01533641160949868,0.019294195250659632,0.010334212840809147,0.6738351254480287,34.92424103176791,1.0,0.010038309120770996,3.0067793354402856,0.986495900398023,0.42533936651583704,0.6674182277983598,0.6047238305302821
112,frozenset({'set of 12 mini loaf baking cases'}),frozenset({'set of 6 tea time baking cases'}),0.019294195250659632,0.016985488126649077,0.010224274406332454,0.5299145299145299,31.198074848560285,1.0,0.009896553081989126,2.091139961621492,0.9869899163036935,0.3924050632911393,0.5217919324612832,0.5659281387436728
113,frozenset({'set of 6 tea time baking cases'}),frozenset({'set of 12 mini loaf baking cases'}),0.016985488126649077,0.019294195250659632,0.010224274406332454,0.6019417475728155,31.19807484856028,1.0,0.009896553081989126,2.4637243387605374,0.9846718725479056,0.3924050632911393,0.5941104350565921,0.5659281387436728
114,frozenset({'set of tea coffee sugar tins pantry'}),frozenset({'set of 3 cake tins pantry design'}),0.020228671943711522,0.06112576956904134,0.011158751099384344,0.5516304347826086,9.024515170472316,1.0,0.009922257959465303,2.0939740412035923,0.9075492389737422,0.1589663273296789,0.5224391609815701,0.3670921958085705
115,frozenset({'set/6 red spotty paper cups'}),frozenset({'set/20 red retrospot paper napkins'}),0.015281442392260335,0.03913808267370272,0.010224274406332454,0.6690647482014388,17.094980195618785,1.0,0.009626188050610744,2.9034740545294633,0.9561140983024031,0.23134328358208955,0.6555850056796666,0.4651503516288093
116,frozenset({'set/6 red spotty paper plates'}),frozenset({'set/20 red retrospot paper napkins'}),0.0173702726473175,0.03913808267370272,0.012148197009674582,0.699367088607595,17.86922201678282,1.0,0.011468357842739113,3.1961301671064213,0.960725925910926,0.2738537794299876,0.6871216290588883,0.5048801735172807
117,frozenset({'set/6 red spotty paper plates'}),frozenset({'set/6 red spotty paper cups'}),0.0173702726473175,0.015281442392260335,0.012587950747581355,0.7246835443037976,47.42245697113196,1.0,0.012322507926783518,3.5766788988970784,0.9962175139559177,0.6273972602739726,0.7204110214343354,0.7742122757490211
118,frozenset({'set/6 red spotty paper cups'}),frozenset({'set/6 red spotty paper plates'}),0.015281442392260335,0.0173702726473175,0.012587950747581355,0.8237410071942446,47.42245697113196,1.0,0.012322507926783518,5.574919677633586,0.9941042915862445,0.6273972602739726,0.820625218330594,0.7742122757490211
119,frozenset({'small dolly mix design orange bowl'}),frozenset({'small marshmallows pink bowl'}),0.01956904133685136,0.01566622691292876,0.012203166226912929,0.6235955056179776,39.80508574807807,1.0,0.011896593184861333,2.6150956956641602,0.9943357800500658,0.5298329355608592,0.6176048158933517,0.7012714370195152
120,frozenset({'small marshmallows pink bowl'}),frozenset({'small dolly mix design orange bowl'}),0.01566622691292876,0.01956904133685136,0.012203166226912929,0.7789473684210527,39.80508574807807,1.0,0.011896593184861333,4.435282908238055,0.9903933083695189,0.5298329355608592,0.7745352391968934,0.7012714370195152
121,frozenset({'sweetheart ceramic trinket box'}),frozenset({'strawberry ceramic trinket box'}),0.020668425681618294,0.02737467018469657,0.011158751099384344,0.5398936170212766,19.72237887721097,1.0,0.01059295976311313,2.1139140116217,0.9693307172829647,0.3025335320417287,0.5269438612439846,0.473762069554815
122,frozenset({'vintage heads and tails card game'}),frozenset({'vintage snap cards'}),0.026000439753737906,0.03754397537379068,0.013412489006156552,0.5158562367864694,13.740053674406225,1.0,0.012436329136334488,1.9879550202978038,0.9519717650498354,0.26754385964912275,0.49697051000168213,0.43655183728049674
123,frozenset({'wooden picture frame white finish'}),frozenset({'wooden frame antique white'}),0.04782321899736148,0.04397537379067722,0.02561565523306948,0.535632183908046,12.180275862068966,1.0,0.023512611301787095,2.058765902975522,0.9640017185221305,0.38704318936877075,0.5142721187704216,0.559066091954023
124,frozenset({'wooden frame antique white'}),frozenset({'wooden picture frame white finish'}),0.04397537379067722,0.04782321899736148,0.02561565523306948,0.5825,12.180275862068966,1.0,0.023512611301787095,2.2806629485093137,0.9601217668031475,0.38704318936877075,0.561531001039141,0.559066091954023
125,frozenset({'wooden star christmas scandinavian'}),frozenset({'wooden heart christmas scandinavian'}),0.022867194371152155,0.024571240105540897,0.016985488126649077,0.7427884615384616,30.22999483737739,1.0,0.016423612803215425,3.792321159963505,0.9895484694100479,0.5577617328519856,0.7363092528773002,0.7170318146618482
126,frozenset({'wooden heart christmas scandinavian'}),frozenset({'wooden star christmas scandinavian'}),0.024571240105540897,0.022867194371152155,0.016985488126649077,0.6912751677852349,30.229994837377387,1.0,0.016423612803215425,3.16506060953692,0.9912771818671744,0.5577617328519856,0.6840502842230531,0.7170318146618482
127,frozenset({'wooden tree christmas scandinavian'}),frozenset({'wooden heart christmas scandinavian'}),0.014511873350923483,0.024571240105540897,0.010499120492524187,0.7234848484848485,29.444376652430346,1.0,0.010142545768037445,3.5275779809881813,0.9802631117839595,0.36730769230769234,0.7165193780578396,0.575388956680903
128,frozenset({'wooden tree christmas scandinavian'}),frozenset({'wooden star christmas scandinavian'}),0.014511873350923483,0.022867194371152155,0.011873350923482849,0.8181818181818181,35.77972027972028,1.0,0.011541505094877738,5.3742304309586615,0.9863652139421886,0.46551724137931033,0.8139268472301775,0.6687062937062936
129,frozenset({'wooden star christmas scandinavian'}),frozenset({'wooden tree christmas scandinavian'}),0.022867194371152155,0.014511873350923483,0.011873350923482849,0.5192307692307692,35.77972027972027,1.0,0.011541505094877738,2.049815303430079,0.9947994799479948,0.46551724137931033,0.5121511687776747,0.6687062937062936
130,"frozenset({'alarm clock bakelike green', 'alarm clock bakelike ivory'})",frozenset({'alarm clock bakelike red'}),0.014951627088830254,0.046998680738786276,0.011653474054529463,0.7794117647058824,16.583694530443758,1.0,0.010950767306456142,4.320272647317502,0.9539631064690027,0.23169398907103828,0.7685331270421302,0.5136824905400756
131,"frozenset({'alarm clock bakelike red', 'alarm clock bakelike ivory'})",frozenset({'alarm clock bakelike green'}),0.01693051890941073,0.04293095866314864,0.011653474054529463,0.6883116883116883,16.032991336448443,1.0,0.010926630647083895,3.070596507622398,0.9537765389533387,0.24173318129988594,0.6743303792870159,0.4798792756539235
132,"frozenset({'alarm clock bakelike green', 'alarm clock bakelike pink'})",frozenset({'alarm clock bakelike red'}),0.01852462620932278,0.046998680738786276,0.014346965699208443,0.774480712166172,16.478775573949708,1.0,0.013476332706191129,4.225808481460906,0.9570447764076517,0.280343716433942,0.7633588922954953,0.5398719350304544
133,"frozenset({'alarm clock bakelike pink', 'alarm clock bakelike red'})",frozenset({'alarm clock bakelike green'}),0.020943271767810027,0.04293095866314864,0.014346965699208443,0.6850393700787402,15.956768528133727,1.0,0.013447850964673502,3.038694206244503,0.9573813677070285,0.28967813540510545,0.6709112756574832,0.5096131549497414
134,"frozenset({'regency cakestand 3 tier', 'green regency teacup and saucer'})",frozenset({'pink regency teacup and saucer'}),0.01912928759894459,0.02891380826737027,0.013742304309586631,0.7183908045977011,24.845942047987414,1.0,0.013189203755659363,3.4483468849281134,0.9784694014794889,0.40064102564102566,0.7100059728994328,0.5968379878501814
135,"frozenset({'regency cakestand 3 tier', 'pink regency teacup and saucer'})",frozenset({'green regency teacup and saucer'}),0.015776165347405453,0.03589489885664028,0.013742304309586631,0.8710801393728222,24.267518982343617,1.0,0.013176020450095879,7.478328757517408,0.9741611840268082,0.36231884057971014,0.8662802836803912,0.6269642657047878
136,"frozenset({'green regency teacup and saucer', 'pink regency teacup and saucer'})",frozenset({'regency cakestand 3 tier'}),0.023746701846965697,0.0894349164467898,0.013742304309586631,0.5787037037037037,6.470668578843133,1.0,0.011618520014016424,2.1613412972252024,0.8660216216216216,0.13819789939192922,0.5373243451722172,0.36618037059801045
137,"frozenset({'roses regency teacup and saucer', 'green regency teacup and saucer'})",frozenset({'pink regency teacup and saucer'}),0.027814423922603342,0.02891380826737027,0.01995382585751979,0.717391304347826,24.811373780790213,1.0,0.01914960493715428,3.4361511399769973,0.9871529955211964,0.5426008968609866,0.7089767128209924,0.7037526863944454
138,"frozenset({'green regency teacup and saucer', 'pink regency teacup and saucer'})",frozenset({'roses regency teacup and saucer'}),0.023746701846965697,0.04034740545294635,0.01995382585751979,0.8402777777777779,20.826067211625798,1.0,0.018995708049930036,6.008259722381558,0.9751396024123298,0.4520547945205479,0.8335624546530722,0.6674140932485619
139,"frozenset({'roses regency teacup and saucer', 'pink regency teacup and saucer'})",frozenset({'green regency teacup and saucer'}),0.022372471416007036,0.03589489885664028,0.01995382585751979,0.8918918918918919,24.84731592235421,1.0,0.01915076825886914,8.917972185576076,0.9817176544755966,0.5208034433285509,0.8878668850731112,0.723893878564629
140,frozenset({'green regency teacup and saucer'}),"frozenset({'roses regency teacup and saucer', 'pink regency teacup and saucer'})",0.03589489885664028,0.022372471416007036,0.01995382585751979,0.555895865237366,24.84731592235421,1.0,0.01915076825886914,2.201347504018439,0.9954871135668215,0.5208034433285509,0.5457327849535093,0.723893878564629
141,frozenset({'pink regency teacup and saucer'}),"frozenset({'roses regency teacup and saucer', 'green regency teacup and saucer'})",0.02891380826737027,0.027814423922603342,0.01995382585751979,0.6901140684410647,24.811373780790216,1.0,0.01914960493715428,3.1372368896730722,0.9882705693868378,0.5426008968609866,0.6812481699129169,0.7037526863944454
142,"frozenset({'regency cakestand 3 tier', 'green regency teacup and saucer'})",frozenset({'roses regency teacup and saucer'}),0.01912928759894459,0.04034740545294635,0.015721196130167106,0.8218390804597702,20.369068871558774,1.0,0.01494937900738647,5.38643714358669,0.9694508584891908,0.3592964824120603,0.8143485251302635,0.6057424285132638
143,"frozenset({'regency cakestand 3 tier', 'roses regency teacup and saucer'})",frozenset({'green regency teacup and saucer'}),0.021273087071240107,0.03589489885664028,0.015721196130167106,0.7390180878552971,20.588387525671617,1.0,0.01495760082137644,3.6941452885394073,0.972108683229155,0.3793103448275862,0.7293013885776592,0.5884983241726716
144,"frozenset({'roses regency teacup and saucer', 'green regency teacup and saucer'})",frozenset({'regency cakestand 3 tier'}),0.027814423922603342,0.0894349164467898,0.015721196130167106,0.5652173913043478,6.31987386761444,1.0,0.013233615450633484,2.0942996921723833,0.8658521733835541,0.1548456957227937,0.5225134188112704,0.3705005210977793
145,"frozenset({'jumbo bag pink vintage paisley', 'jumbo bag pink polkadot'})",frozenset({'jumbo bag red retrospot'}),0.013797273526824978,0.08646657871591909,0.010004397537379068,0.7250996015936255,8.38589443877383,1.0,0.00881139449990679,3.3231433151058596,0.8930741239140993,0.11084043848964678,0.699080086177943,0.4204010404662343
146,"frozenset({'jumbo bag pink vintage paisley', 'jumbo bag red retrospot'})",frozenset({'jumbo bag pink polkadot'}),0.017919964819700967,0.047493403693931395,0.010004397537379068,0.558282208588957,11.75494205862304,1.0,0.009153317414015961,2.156369099970683,0.9316240683082729,0.1805555555555556,0.5362574987679078,0.3844651783685526
147,"frozenset({'jumbo bag red retrospot', 'jumbo bag strawberry'})",frozenset({'jumbo bag pink polkadot'}),0.022372471416007036,0.047493403693931395,0.012697889182058048,0.5675675675675675,11.95045045045045,1.0,0.011635344365466685,2.2026715039577835,0.9372906542431424,0.22211538461538463,0.5460058396346484,0.41746433933933935
148,"frozenset({'jumbo bag strawberry', 'jumbo bag pink polkadot'})",frozenset({'jumbo bag red retrospot'}),0.016051011433597186,0.08646657871591909,0.012697889182058048,0.7910958904109588,9.149152217645367,1.0,0.0113100131384648,4.372979655982812,0.9052301143921255,0.14137086903304774,0.771322969995557,0.46897451863205286
149,"frozenset({'jumbo shopper vintage red paisley', 'jumbo bag pink polkadot'})",frozenset({'jumbo bag red retrospot'}),0.013357519788918205,0.08646657871591909,0.0102792436235708,0.7695473251028806,8.899939566606232,1.0,0.009124264587292857,3.964082524500564,0.8996568709382466,0.11479435236341312,0.74773481787542,0.4442142219919997
150,"frozenset({'jumbo bag red retrospot', 'jumbo storage bag suki'})",frozenset({'jumbo bag pink polkadot'}),0.023636763412489006,0.047493403693931395,0.011983289357959543,0.5069767441860465,10.67467700258398,1.0,0.010860699011192255,1.9319709264698564,0.9282614467128567,0.20260223048327142,0.48239386716485216,0.37964577950043066
151,"frozenset({'jumbo storage bag suki', 'jumbo bag pink polkadot'})",frozenset({'jumbo bag red retrospot'}),0.015391380826737027,0.08646657871591909,0.011983289357959543,0.7785714285714286,9.004304786122967,1.0,0.0106524493161578,4.125634805799075,0.9028379314159747,0.13333333333333333,0.7576130590632065,0.458580056307329
152,"frozenset({'jumbo bag pink polkadot', 'lunch bag red retrospot'})",frozenset({'jumbo bag red retrospot'}),0.013027704485488126,0.08646657871591909,0.010169305189094107,0.7805907172995781,9.027658187612158,1.0,0.009042844153711916,4.163604247006292,0.9009668314931473,0.11384615384615383,0.7598234748850066,0.4491001901818933
153,"frozenset({'jumbo shopper vintage red paisley', 'jumbo storage bag suki'})",frozenset({'jumbo bag red retrospot'}),0.013687335092348285,0.08646657871591909,0.010169305189094107,0.7429718875502007,8.59259032314892,1.0,0.008985808151920412,3.554215967183376,0.8958829084894959,0.11301160659743431,0.7186439965288677,0.4302907753072046
154,"frozenset({'jumbo bag red retrospot', 'lunch bag pink polkadot'})",frozenset({'lunch bag red retrospot'}),0.015006596306068602,0.0695910290237467,0.010114335971855761,0.673992673992674,9.685051125809421,1.0,0.00907001149277249,2.8539511132192943,0.91041025193079,0.13579335793357936,0.6496085741034341,0.4096661632206656
155,"frozenset({'lunch bag apple design', 'lunch bag  black skull.'})",frozenset({'lunch bag red retrospot'}),0.017315303430079157,0.0695910290237467,0.010993843447669306,0.6349206349206349,9.123598886632061,1.0,0.009788853664111686,2.548511529195824,0.9060832354421883,0.14482259232440262,0.6076140960933587,0.3964492590085007
156,"frozenset({'lunch bag apple design', 'lunch bag red retrospot'})",frozenset({'lunch bag  black skull.'}),0.021108179419525065,0.05711301671064204,0.010993843447669306,0.5208333333333334,9.11934552454283,1.0,0.009788291643750741,1.9677641390386602,0.9095417789757413,0.1635322976287817,0.49180901300064134,0.3566630574270132
157,"frozenset({'lunch bag apple design', 'lunch bag suki design'})",frozenset({'lunch bag  black skull.'}),0.019514072119613018,0.05711301671064204,0.010883905013192613,0.5577464788732395,9.76566308340902,1.0,0.00976939748613248,2.1320055991574653,0.9154648463669038,0.16555183946488297,0.530958079849704,0.3741571662893628
158,"frozenset({'lunch bag apple design', 'lunch bag  black skull.'})",frozenset({'lunch bag suki design'}),0.017315303430079157,0.0490325417766051,0.010883905013192613,0.6285714285714286,12.81947469570788,1.0,0.010034891674382663,2.56029700290914,0.9382395866705314,0.1962338949454906,0.609420313790256,0.4252722613709161
159,"frozenset({'lunch bag pink polkadot', 'lunch bag  black skull.'})",frozenset({'lunch bag cars blue'}),0.024956024626209324,0.052110817941952506,0.014072119613016711,0.5638766519823788,10.82072157475046,1.0,0.012771640757165434,2.1734428719916843,0.9308141419551246,0.22338568935427575,0.5399004901915702,0.4169594230376029
160,"frozenset({'lunch bag cars blue', 'lunch bag  black skull.'})",frozenset({'lunch bag pink polkadot'}),0.022867194371152155,0.050241864555848725,0.014072119613016711,0.6153846153846154,12.24844302306009,1.0,0.012923229130649019,2.469371152154794,0.9398486723672368,0.2383612662942272,0.595038599553011,0.4477360713684565
161,"frozenset({'lunch bag pink polkadot', 'lunch bag cars blue'})",frozenset({'lunch bag  black skull.'}),0.023142040457343888,0.05711301671064204,0.014072119613016711,0.6080760095011877,10.646890052786917,1.0,0.012750407869658077,2.4057904240292105,0.9275410517838052,0.212624584717608,0.5843361957002045,0.42723338492383733
162,"frozenset({'lunch bag  black skull.', 'lunch bag cars blue'})",frozenset({'lunch bag red retrospot'}),0.022867194371152155,0.0695910290237467,0.014072119613016711,0.6153846153846154,8.842872767043383,1.0,0.012480768025842205,2.419063324538259,0.9076704545454546,0.17952314165497898,0.5866168570883211,0.4087981528739823
163,"frozenset({'lunch bag red retrospot', 'lunch bag cars blue'})",frozenset({'lunch bag  black skull.'}),0.024571240105540897,0.05711301671064204,0.014072119613016711,0.5727069351230425,10.0276078573228,1.0,0.012668781966267756,2.206651735760958,0.9229534287827557,0.20813008130081304,0.5468247282550218,0.40954884773476474
164,"frozenset({'lunch bag red retrospot', 'lunch bag  black skull.'})",frozenset({'lunch bag cars blue'}),0.02786939313984169,0.052110817941952506,0.014072119613016711,0.504930966469428,9.689561331236114,1.0,0.012619822740953721,1.9146606187387654,0.9225058312128923,0.21351125938281906,0.47771422767407995,0.38748658028112754
165,"frozenset({'lunch bag spaceboy design', 'lunch bag  black skull.'})",frozenset({'lunch bag cars blue'}),0.02264731750219877,0.052110817941952506,0.012038258575197889,0.5315533980582524,10.200442423497604,1.0,0.010858088335967214,2.0234732798337594,0.9228654637348412,0.19193689745836984,0.5058002445764166,0.38128302814305026
166,"frozenset({'lunch bag spaceboy design', 'lunch bag cars blue'})",frozenset({'lunch bag  black skull.'}),0.02121811785400176,0.05711301671064204,0.012038258575197889,0.5673575129533679,9.933944057408729,1.0,0.010826427855633914,2.1793675182616297,0.9188309107237466,0.181592039800995,0.5411512782398221,0.38906855435926335
167,"frozenset({'lunch bag cars blue', 'lunch bag  black skull.'})",frozenset({'lunch bag spaceboy design'}),0.022867194371152155,0.053759894459102904,0.012038258575197889,0.5264423076923077,9.792472864558754,1.0,0.010808920619228958,1.9981516949493057,0.9188932591889326,0.18638297872340426,0.4995374963133764,0.37518434403020295
168,"frozenset({'lunch bag suki design', 'lunch bag  black skull.'})",frozenset({'lunch bag cars blue'}),0.02231750219876869,0.052110817941952506,0.012148197009674582,0.5443349753694582,10.445719274178463,1.0,0.010985213715675422,2.080232475219283,0.9249086550863892,0.19505736981465138,0.5192844973278348,0.38872866911932824
169,"frozenset({'lunch bag suki design', 'lunch bag cars blue'})",frozenset({'lunch bag  black skull.'}),0.02121811785400176,0.05711301671064204,0.012148197009674582,0.5725388601036269,10.024665007704696,1.0,0.010936366290110607,2.205784094240558,0.9197616543917526,0.1835548172757475,0.546646472512399,0.3926216918419963
170,"frozenset({'lunch bag cars blue', 'lunch bag  black skull.'})",frozenset({'lunch bag suki design'}),0.022867194371152155,0.0490325417766051,0.012148197009674582,0.53125,10.834641255605382,1.0,0.011026960346357315,2.0287305775432425,0.9289458357600465,0.20331186752529898,0.5070809248554913,0.38950392376681614
171,"frozenset({'lunch bag woodland', 'lunch bag  black skull.'})",frozenset({'lunch bag cars blue'}),0.018744503078276166,0.052110817941952506,0.01044415127528584,0.5571847507331378,10.692304836853632,1.0,0.009467359887961421,2.140597424382743,0.9237907945596441,0.17288444040036394,0.5328406973635608,0.3788033458307039
172,"frozenset({'lunch bag woodland', 'lunch bag cars blue'})",frozenset({'lunch bag  black skull.'}),0.019349164467897976,0.05711301671064204,0.01044415127528584,0.5397727272727273,9.45095808907166,1.0,0.009339062121693822,2.048742087147247,0.9118338447014399,0.15820149875104078,0.5118956132772958,0.3613204348586928
173,"frozenset({'lunch bag spaceboy design', 'lunch bag dolly girl design'})",frozenset({'lunch bag  black skull.'}),0.019294195250659632,0.05711301671064204,0.010004397537379068,0.5185185185185185,9.078815099989306,1.0,0.008902447841609755,1.958303734524051,0.9073602536693172,0.15066225165562913,0.489353984077939,0.34684347485117456
174,"frozenset({'lunch bag dolly girl design', 'lunch bag  black skull.'})",frozenset({'lunch bag spaceboy design'}),0.014346965699208443,0.053759894459102904,0.010004397537379068,0.6973180076628354,12.970970547446115,1.0,0.009233106175581252,3.126185665141446,0.9363383813776988,0.17218543046357618,0.680121366062641,0.44170603859624386
175,"frozenset({'lunch bag pink polkadot', 'lunch bag  black skull.'})",frozenset({'lunch bag red retrospot'}),0.024956024626209324,0.0695910290237467,0.01643579595426561,0.658590308370044,9.463724241601769,1.0,0.01469908052018574,2.7251978891820574,0.9172236088951369,0.21041520056298382,0.6330541704991043,0.44738362179955593
176,"frozenset({'lunch bag red retrospot', 'lunch bag  black skull.'})",frozenset({'lunch bag pink polkadot'}),0.02786939313984169,0.050241864555848725,0.01643579595426561,0.5897435897435896,11.738091230432586,1.0,0.015035585678879984,2.3150354551451184,0.9410333001438211,0.26648841354723707,0.5680411728565449,0.4584385344779217
177,"frozenset({'lunch bag pink polkadot', 'lunch bag red retrospot'})",frozenset({'lunch bag  black skull.'}),0.027924362357080037,0.05711301671064204,0.01643579595426561,0.5885826771653543,10.305578501436116,1.0,0.014840951380331674,2.2918018541195875,0.9289042340486533,0.23958333333333334,0.5636621035965793,0.43817969276939517
178,"frozenset({'lunch bag spaceboy design', 'lunch bag pink polkadot'})",frozenset({'lunch bag  black skull.'}),0.01995382585751979,0.05711301671064204,0.012148197009674582,0.6088154269972451,10.659836619763121,1.0,0.011008573820032813,2.410337851648147,0.9246400381299571,0.18712955122777306,0.5851204015585544,0.4107599752888054
179,"frozenset({'lunch bag spaceboy design', 'lunch bag  black skull.'})",frozenset({'lunch bag pink polkadot'}),0.02264731750219877,0.050241864555848725,0.012148197009674582,0.5364077669902912,10.676509953049647,1.0,0.011010353551175809,2.048692941376913,0.9273381551287989,0.19999999999999998,0.5118839042185078,0.38910103885619596
180,"frozenset({'lunch bag suki design', 'lunch bag pink polkadot'})",frozenset({'lunch bag  black skull.'}),0.01956904133685136,0.05711301671064204,0.012093227792436236,0.6179775280898877,10.820257161704752,1.0,0.0109755808075534,2.4681453386103787,0.92569573283859,0.18723404255319154,0.5948374739702231,0.414859793881325
181,"frozenset({'lunch bag suki design', 'lunch bag  black skull.'})",frozenset({'lunch bag pink polkadot'}),0.02231750219876869,0.050241864555848725,0.012093227792436236,0.541871921182266,10.785266947645278,1.0,0.010971954869740844,2.0731279730662657,0.9279913721721886,0.20000000000000004,0.5176371102064928,0.3912860700003234
182,"frozenset({'lunch bag woodland', 'lunch bag pink polkadot'})",frozenset({'lunch bag  black skull.'}),0.01726033421284081,0.05711301671064204,0.01060905892700088,0.6146496815286624,10.761989419027358,1.0,0.009623269170671637,2.4468306839079204,0.9230118703219924,0.1663793103448276,0.5913080514411139,0.40020260784806555
183,"frozenset({'lunch bag woodland', 'lunch bag  black skull.'})",frozenset({'lunch bag pink polkadot'}),0.018744503078276166,0.050241864555848725,0.01060905892700088,0.5659824046920822,11.265155258378948,1.0,0.00966730014217544,2.1882940823409167,0.9286375445795841,0.18173258003766482,0.5430230296422246,0.38857107105501265
184,"frozenset({'lunch bag spaceboy design', 'lunch bag  black skull.'})",frozenset({'lunch bag red retrospot'}),0.02264731750219877,0.0695910290237467,0.013797273526824978,0.6092233009708738,8.754336722955875,1.0,0.012221223397219457,2.3809223356659404,0.9062960755403582,0.17589348283111425,0.5799946999445904,0.4037427721284069
185,"frozenset({'lunch bag spaceboy design', 'lunch bag red retrospot'})",frozenset({'lunch bag  black skull.'}),0.02517590149516271,0.05711301671064204,0.013797273526824978,0.5480349344978166,9.59562226023511,1.0,0.012359401844026272,2.0861943881474683,0.9189204611575127,0.20144462279293737,0.5206582830049716,0.39480668765314314
186,"frozenset({'lunch bag suki design', 'lunch bag  black skull.'})",frozenset({'lunch bag red retrospot'}),0.02231750219876869,0.0695910290237467,0.013687335092348285,0.6133004926108375,8.812924614199334,1.0,0.012134237149096243,2.406025746601012,0.9067670660151006,0.1749824314827829,0.5843768499099821,0.4049914785329069
187,"frozenset({'lunch bag suki design', 'lunch bag red retrospot'})",frozenset({'lunch bag  black skull.'}),0.024571240105540897,0.05711301671064204,0.013687335092348285,0.5570469798657719,9.753415454974132,1.0,0.01228399744559933,2.1286387956077935,0.9200793028411194,0.2012934518997575,0.5302162104423788,0.39835024642951733
188,"frozenset({'lunch bag woodland', 'lunch bag  black skull.'})",frozenset({'lunch bag red retrospot'}),0.018744503078276166,0.0695910290237467,0.012313104661389622,0.656891495601173,9.439312865700268,1.0,0.011008655403633596,2.711704778657285,0.9111389317925366,0.1619667389732466,0.6312282930389069,0.41691336233455173
189,"frozenset({'lunch bag woodland', 'lunch bag red retrospot'})",frozenset({'lunch bag  black skull.'}),0.02341688654353562,0.05711301671064204,0.012313104661389622,0.5258215962441315,9.206685735200423,1.0,0.010975695628917464,1.9884646281250817,0.9127572128142036,0.18049959709911362,0.49709942743970387,0.3707067557736538
190,"frozenset({'lunch bag spaceboy design', 'lunch bag suki design'})",frozenset({'lunch bag  black skull.'}),0.020668425681618294,0.05711301671064204,0.011928320140721196,0.5771276595744681,10.105010955706183,1.0,0.010747883999384268,2.2297201617408717,0.9200552912620356,0.181135225375626,0.5515132270144419,0.39299116376221
191,"frozenset({'lunch bag spaceboy design', 'lunch bag  black skull.'})",frozenset({'lunch bag suki design'}),0.02264731750219877,0.0490325417766051,0.011928320140721196,0.5266990291262136,10.741825939309505,1.0,0.010817864599166595,2.0092235527591726,0.9279208762499157,0.19963201471941125,0.5022953027667096,0.3849862858635552
192,"frozenset({'lunch bag suki design', 'lunch bag  black skull.'})",frozenset({'lunch bag spaceboy design'}),0.02231750219876869,0.053759894459102904,0.011928320140721196,0.5344827586206897,9.94203511741062,1.0,0.010728533577924594,2.0326639304211866,0.9199479111878498,0.18594687232219362,0.5080347591976059,0.37818207460686837
193,"frozenset({'lunch bag spaceboy design', 'lunch bag woodland'})",frozenset({'lunch bag  black skull.'}),0.022042656112576955,0.05711301671064204,0.011268689533861037,0.5112219451371571,8.951058350274458,1.0,0.010009766946956494,1.9290697974440436,0.9083027729833254,0.16599190283400808,0.481615439044783,0.35426352309793374
194,"frozenset({'lunch bag woodland', 'lunch bag  black skull.'})",frozenset({'lunch bag spaceboy design'}),0.018744503078276166,0.053759894459102904,0.011268689533861037,0.6011730205278591,11.18255581742619,1.0,0.01026098702668458,2.372557911687102,0.9279693287661687,0.18402154398563733,0.578513976382178,0.40539223623529974
195,"frozenset({'lunch bag suki design', 'lunch bag woodland'})",frozenset({'lunch bag  black skull.'}),0.016655672823218996,0.05711301671064204,0.010059366754617414,0.6039603960396039,10.574829186479764,1.0,0.00910811103433792,2.380789632805629,0.9207719003069017,0.15789473684210525,0.5799712892644129,0.390045645565519
196,"frozenset({'lunch bag woodland', 'lunch bag  black skull.'})",frozenset({'lunch bag suki design'}),0.018744503078276166,0.0490325417766051,0.010059366754617414,0.5366568914956011,10.9449127467354,1.0,0.009140276124350135,2.052404450975808,0.9259905844769071,0.1742857142857143,0.5127665994270506,0.37090692108412343
197,"frozenset({'lunch bag apple design', 'lunch bag pink polkadot'})",frozenset({'lunch bag red retrospot'}),0.015721196130167106,0.0695910290237467,0.01044415127528584,0.6643356643356644,9.546283100785471,1.0,0.009350097059103366,2.7718433927000885,0.9095463443597265,0.1395007342143906,0.6392292570952621,0.40720732663860626
198,"frozenset({'lunch bag spaceboy design', 'lunch bag apple design'})",frozenset({'lunch bag red retrospot'}),0.01676561125769569,0.0695910290237467,0.010554089709762533,0.6295081967213114,9.045823945303395,1.0,0.009387353570127377,2.511280850865108,0.9046182283222451,0.13923132704858593,0.6017968282378646,0.39058348224691164
199,"frozenset({'lunch bag apple design', 'lunch bag red retrospot'})",frozenset({'lunch bag spaceboy design'}),0.021108179419525065,0.053759894459102904,0.010554089709762533,0.5,9.300613496932515,1.0,0.009419316211945057,1.8924802110817942,0.9117250673854447,0.16410256410256407,0.47159288950853956,0.348159509202454
200,"frozenset({'lunch bag apple design', 'lunch bag suki design'})",frozenset({'lunch bag red retrospot'}),0.019514072119613018,0.0695910290237467,0.011818381706244503,0.6056338028169014,8.702756825312061,1.0,0.010460377346997028,2.3592513192612135,0.9027094190153471,0.15291607396870557,0.5761367210708419,0.3877300135727477
201,"frozenset({'lunch bag apple design', 'lunch bag red retrospot'})",frozenset({'lunch bag suki design'}),0.021108179419525065,0.0490325417766051,0.011818381706244503,0.5598958333333334,11.418862107623319,1.0,0.010783394017028564,2.160778129927714,0.9321005453519714,0.20263901979264848,0.5372037572254336,0.40046361173393125
202,"frozenset({'lunch bag apple design', 'lunch bag woodland'})",frozenset({'lunch bag red retrospot'}),0.016160949868073878,0.0695910290237467,0.01044415127528584,0.6462585034013606,9.286520295321921,1.0,0.009319494143965395,2.6301945910290243,0.9069746105122007,0.1386861313868613,0.619799993730211,0.39816874617145437
203,"frozenset({'lunch bag pink polkadot', 'lunch bag red retrospot'})",frozenset({'lunch bag cars blue'}),0.027924362357080037,0.052110817941952506,0.014896657871591909,0.5334645669291338,10.237117512209707,1.0,0.013441496508657,2.031762466183494,0.9282366698355968,0.22869198312236283,0.5078164811861983,0.4096647729160437
204,"frozenset({'lunch bag cars blue', 'lunch bag red retrospot'})",frozenset({'lunch bag pink polkadot'}),0.024571240105540897,0.050241864555848725,0.014896657871591909,0.6062639821029083,12.066908492796617,1.0,0.013662152954240085,2.412169809906453,0.9402313837170494,0.24862385321100916,0.5854354880435299,0.4513814440055023
205,"frozenset({'lunch bag pink polkadot', 'lunch bag cars blue'})",frozenset({'lunch bag red retrospot'}),0.023142040457343888,0.0695910290237467,0.014896657871591909,0.6437054631828979,9.24983395436278,1.0,0.01328617946245617,2.6113478452066845,0.9130190756074462,0.19138418079096045,0.6170559958775421,0.42888274738923726
206,"frozenset({'lunch bag spaceboy design', 'lunch bag pink polkadot'})",frozenset({'lunch bag cars blue'}),0.01995382585751979,0.052110817941952506,0.012038258575197889,0.6033057851239669,11.577361648708024,1.0,0.01099844838869125,2.389470646437995,0.9322260101097412,0.20054945054945056,0.5814972653082351,0.4171592216759075
207,"frozenset({'lunch bag spaceboy design', 'lunch bag cars blue'})",frozenset({'lunch bag pink polkadot'}),0.02121811785400176,0.050241864555848725,0.012038258575197889,0.5673575129533679,11.292525028060906,1.0,0.010972220771847096,2.1952493430026494,0.9312042475036633,0.20259019426456978,0.5444708806370916,0.40348181993401433
208,"frozenset({'lunch bag pink polkadot', 'lunch bag cars blue'})",frozenset({'lunch bag spaceboy design'}),0.023142040457343888,0.053759894459102904,0.012038258575197889,0.5201900237529691,9.67617271177302,1.0,0.010794144922642792,1.9721142793698894,0.91789532430472,0.18559322033898304,0.4929299937326602,0.37205820206053364
209,"frozenset({'lunch bag suki design', 'lunch bag pink polkadot'})",frozenset({'lunch bag cars blue'}),0.01956904133685136,0.052110817941952506,0.011213720316622692,0.5730337078651686,10.996444318020197,1.0,0.010193961566219488,2.220056242188585,0.9272060472540664,0.18545454545454546,0.5495609611159329,0.3941117906414451
210,"frozenset({'lunch bag suki design', 'lunch bag cars blue'})",frozenset({'lunch bag pink polkadot'}),0.02121811785400176,0.050241864555848725,0.011213720316622692,0.5284974093264249,10.51906440970057,1.0,0.010147682513271899,2.0143221993485847,0.9245517593761079,0.18613138686131384,0.5035550914727585,0.3758460788426435
211,"frozenset({'lunch bag pink polkadot', 'lunch bag woodland'})",frozenset({'lunch bag cars blue'}),0.01726033421284081,0.052110817941952506,0.010554089709762533,0.6114649681528662,11.733935338224622,1.0,0.009654639575979932,2.4396492062805484,0.9308437744714174,0.1794392523364486,0.5901050046762318,0.4069983068612432
212,"frozenset({'lunch bag woodland', 'lunch bag cars blue'})",frozenset({'lunch bag pink polkadot'}),0.019349164467897976,0.050241864555848725,0.010554089709762533,0.5454545454545455,10.856574497712355,1.0,0.009581951609297562,2.089467897977133,0.9258034379671152,0.1787709497206704,0.5214092540171948,0.3777600954843844
213,"frozenset({'lunch bag spaceboy design', 'lunch bag cars blue'})",frozenset({'lunch bag red retrospot'}),0.02121811785400176,0.0695910290237467,0.012532981530343008,0.5906735751295337,8.4877833165533,1.0,0.011056390874935894,2.2730244480812263,0.9013076609303783,0.16011235955056177,0.5600575256266381,0.38538418092969573
214,"frozenset({'lunch bag cars blue', 'lunch bag red retrospot'})",frozenset({'lunch bag spaceboy design'}),0.024571240105540897,0.053759894459102904,0.012532981530343008,0.5100671140939598,9.487874171367398,1.0,0.011212034255539852,1.9313667907615573,0.9171375183520932,0.19047619047619047,0.48223195884729386,0.371597974224894
215,"frozenset({'lunch bag suki design', 'lunch bag red retrospot'})",frozenset({'lunch bag cars blue'}),0.024571240105540897,0.052110817941952506,0.012862796833773086,0.5234899328859061,10.045705547532071,1.0,0.011582369414025243,1.9892322271359026,0.9231376118950083,0.20155038759689925,0.4972934852157506,0.38516268796194036
216,"frozenset({'lunch bag cars blue', 'lunch bag red retrospot'})",frozenset({'lunch bag suki design'}),0.024571240105540897,0.0490325417766051,0.012862796833773086,0.5234899328859061,10.676377644686552,1.0,0.011658006476795157,1.9956922714828993,0.9291660344914783,0.2117647058823529,0.49892074329828917,0.39291088572546423
217,"frozenset({'lunch bag suki design', 'lunch bag cars blue'})",frozenset({'lunch bag red retrospot'}),0.02121811785400176,0.0695910290237467,0.012862796833773086,0.6062176165803108,8.711146035409964,1.0,0.011386206178365972,2.3627490973475904,0.9043940820869946,0.16502115655853314,0.5767642018686644,0.3955258699015298
218,"frozenset({'lunch bag woodland', 'lunch bag red retrospot'})",frozenset({'lunch bag cars blue'}),0.02341688654353562,0.052110817941952506,0.012258135444151275,0.5234741784037559,10.045403221013848,1.0,0.011037862332713732,1.9891664608705826,0.922043364940035,0.19374456993918332,0.497276864620803,0.3793531229571522
219,"frozenset({'lunch bag woodland', 'lunch bag cars blue'})",frozenset({'lunch bag red retrospot'}),0.019349164467897976,0.0695910290237467,0.012258135444151275,0.6335227272727273,9.103511417492461,1.0,0.010911607178080538,2.538790370415823,0.9077158197430071,0.15985663082437276,0.6061116303051787,0.40483403346258795
220,"frozenset({'lunch bag spaceboy design', 'lunch bag suki design'})",frozenset({'lunch bag cars blue'}),0.020668425681618294,0.052110817941952506,0.011158751099384344,0.5398936170212766,10.360490169674119,1.0,0.010081702531542757,2.0601522107157564,0.9225470656807075,0.18108831400535236,0.51459897244555,0.3770143190591615
221,"frozenset({'lunch bag spaceboy design', 'lunch bag cars blue'})",frozenset({'lunch bag suki design'}),0.02121811785400176,0.0490325417766051,0.011158751099384344,0.5259067357512953,10.72566741792328,1.0,0.010118372849287072,2.0058657861979805,0.9264226537908016,0.18883720930232556,0.501462158195813,0.3767426055438091
222,"frozenset({'lunch bag suki design', 'lunch bag cars blue'})",frozenset({'lunch bag spaceboy design'}),0.02121811785400176,0.053759894459102904,0.011158751099384344,0.5259067357512953,9.782510569312437,1.0,0.010018067322932403,1.9958944302665915,0.9172388340897987,0.17484926787252367,0.4989714962697551,0.36673659895949223
223,"frozenset({'lunch bag spaceboy design', 'lunch bag woodland'})",frozenset({'lunch bag cars blue'}),0.022042656112576955,0.052110817941952506,0.011378627968337732,0.516209476309227,9.905994507402381,1.0,0.010229967128698168,1.9592967113674076,0.9193151723840177,0.18126094570928197,0.48961278085232296,0.36728195334448693
224,"frozenset({'lunch bag spaceboy design', 'lunch bag cars blue'})",frozenset({'lunch bag woodland'}),0.02121811785400176,0.0443051890941073,0.011378627968337732,0.5362694300518135,12.103986937348127,1.0,0.01043855524459513,2.060883782176953,0.9372696930579227,0.21015228426395938,0.5147712798517537,0.39654662569588195
225,"frozenset({'lunch bag woodland', 'lunch bag cars blue'})",frozenset({'lunch bag spaceboy design'}),0.019349164467897976,0.053759894459102904,0.011378627968337732,0.5880681818181819,10.938789737869493,1.0,0.010338418928671713,2.2970794286234195,0.9265093910443882,0.18432769367764915,0.5646645964701037,0.39986231176798664
226,"frozenset({'lunch bag spaceboy design', 'lunch bag dolly girl design'})",frozenset({'lunch bag red retrospot'}),0.019294195250659632,0.0695910290237467,0.011488566402814425,0.5954415954415955,8.556298186629942,1.0,0.010145863501135935,2.299813724032852,0.9005014791744944,0.14843750000000003,0.5651821756040118,0.38026424163864925
227,"frozenset({'lunch bag dolly girl design', 'lunch bag red retrospot'})",frozenset({'lunch bag spaceboy design'}),0.016545734388742305,0.053759894459102904,0.011488566402814425,0.6943521594684385,12.915802131952795,1.0,0.01059906946832729,3.095850780084892,0.9380969662381369,0.19532710280373833,0.6769870155135258,0.4540267954806405
228,"frozenset({'lunch bag spaceboy design', 'lunch bag dolly girl design'})",frozenset({'lunch bag woodland'}),0.019294195250659632,0.0443051890941073,0.010114335971855761,0.5242165242165242,11.83194417933872,1.0,0.00925950300285666,2.008675919927954,0.9334940525365367,0.18910585817060638,0.5021596116730133,0.3762521827037956
229,"frozenset({'lunch bag dolly girl design', 'lunch bag woodland'})",frozenset({'lunch bag spaceboy design'}),0.013577396657871593,0.053759894459102904,0.010114335971855761,0.7449392712550608,13.85678448125978,1.0,0.009384416560499207,3.7098620010889145,0.940604140671375,0.1767531219980788,0.730448194648081,0.46653916527988215
230,"frozenset({'lunch bag spaceboy design', 'lunch bag pink polkadot'})",frozenset({'lunch bag red retrospot'}),0.01995382585751979,0.0695910290237467,0.0134674582233949,0.6749311294765841,9.698536419777266,1.0,0.012078850949009453,2.8621903090201695,0.9151524516924388,0.17702312138728327,0.6506172224647299,0.43422701813481657
231,"frozenset({'lunch bag spaceboy design', 'lunch bag red retrospot'})",frozenset({'lunch bag pink polkadot'}),0.02517590149516271,0.050241864555848725,0.0134674582233949,0.5349344978165939,10.647186416060695,1.0,0.012202573990403545,2.0422029391240435,0.9294789439402692,0.21739130434782608,0.5103326996341865,0.40149350711398624
232,"frozenset({'lunch bag suki design', 'lunch bag pink polkadot'})",frozenset({'lunch bag red retrospot'}),0.01956904133685136,0.0695910290237467,0.013687335092348285,0.6994382022471911,10.050694925182386,1.0,0.012325505368708564,3.0955662959583763,0.9184781287067986,0.18135469774217047,0.6769573304549746,0.4480603333510837
233,"frozenset({'lunch bag suki design', 'lunch bag red retrospot'})",frozenset({'lunch bag pink polkadot'}),0.024571240105540897,0.050241864555848725,0.013687335092348285,0.5570469798657719,11.087307065337114,1.0,0.012452830174996462,2.144150942139069,0.932724982771322,0.22392086330935249,0.533614924048971,0.41473793194601505
234,"frozenset({'lunch bag woodland', 'lunch bag pink polkadot'})",frozenset({'lunch bag red retrospot'}),0.01726033421284081,0.0695910290237467,0.012752858399296393,0.7388535031847133,10.617079723488393,1.0,0.01155169398013102,3.5627855717871157,0.9217213604854356,0.172106824925816,0.7193207450039173,0.4610539237882492
235,"frozenset({'lunch bag woodland', 'lunch bag red retrospot'})",frozenset({'lunch bag pink polkadot'}),0.02341688654353562,0.050241864555848725,0.012752858399296393,0.5446009389671361,10.839584553271488,1.0,0.0115763503572564,2.085551369583549,0.9295118145081461,0.20938628158844766,0.5205104920529078,0.39921513031507794
236,"frozenset({'lunch bag spaceboy design', 'lunch bag pink polkadot'})",frozenset({'lunch bag woodland'}),0.01995382585751979,0.0443051890941073,0.010828935795954266,0.5426997245179064,12.249123310706889,1.0,0.009944877768185964,2.089862749149633,0.9370594249430505,0.20267489711934158,0.5214996772362679,0.39355829898351896
237,"frozenset({'lunch bag pink polkadot', 'lunch bag woodland'})",frozenset({'lunch bag spaceboy design'}),0.01726033421284081,0.053759894459102904,0.010828935795954266,0.6273885350318471,11.670196553475831,1.0,0.0099010220503431,2.5394819926482195,0.9303701398593853,0.17990867579908676,0.6062189049203766,0.41441001393719146
238,"frozenset({'lunch bag spaceboy design', 'lunch bag suki design'})",frozenset({'lunch bag red retrospot'}),0.020668425681618294,0.0695910290237467,0.012478012313104662,0.6037234042553192,8.67530503176364,1.0,0.011039675301620012,2.347877671725311,0.9034021787078487,0.16042402826855126,0.5740834320106799,0.39151415078484764
239,"frozenset({'lunch bag suki design', 'lunch bag red retrospot'})",frozenset({'lunch bag spaceboy design'}),0.024571240105540897,0.053759894459102904,0.012478012313104662,0.5078299776286354,9.446260688159647,1.0,0.011157065038301507,1.92258785080355,0.9166615153738163,0.1894824707846411,0.47986772121645954,0.369968158548469
240,"frozenset({'lunch bag spaceboy design', 'lunch bag woodland'})",frozenset({'lunch bag red retrospot'}),0.022042656112576955,0.0695910290237467,0.013907211961301671,0.6309226932668329,9.066149791398281,1.0,0.01237324084001086,2.5209053875775513,0.9097529660931283,0.1789250353606789,0.6033171237096907,0.41538235769186826
241,"frozenset({'lunch bag spaceboy design', 'lunch bag red retrospot'})",frozenset({'lunch bag woodland'}),0.02517590149516271,0.0443051890941073,0.013907211961301671,0.5524017467248908,12.468104933522598,1.0,0.012791788884943868,2.13516206534097,0.9435500730826339,0.2502472799208704,0.5316514768445424,0.433148764181304
242,"frozenset({'lunch bag woodland', 'lunch bag red retrospot'})",frozenset({'lunch bag spaceboy design'}),0.02341688654353562,0.053759894459102904,0.013907211961301671,0.5938967136150235,11.047207580863505,1.0,0.01264832261216041,2.330047889944637,0.9312872347099914,0.21980886185925277,0.570824271760457,0.4262939600794954
243,"frozenset({'lunch bag suki design', 'lunch bag woodland'})",frozenset({'lunch bag red retrospot'}),0.016655672823218996,0.0695910290237467,0.012038258575197889,0.7227722772277227,10.38599784149031,1.0,0.010879173164347226,3.3561180738786276,0.9190234758177712,0.1622222222222222,0.7020367049111859,0.44787902960912207
244,"frozenset({'lunch bag woodland', 'lunch bag red retrospot'})",frozenset({'lunch bag suki design'}),0.02341688654353562,0.0490325417766051,0.012038258575197889,0.5140845070422535,10.484557569633045,1.0,0.010890069107473957,1.9570634647495952,0.92631299742929,0.19927206551410373,0.4890303671741431,0.37980010105475903
245,"frozenset({'regency cakestand 3 tier', 'roses regency teacup and saucer'})",frozenset({'pink regency teacup and saucer'}),0.021273087071240107,0.02891380826737027,0.013357519788918205,0.6279069767441859,21.716508975152532,1.0,0.012742433828085296,2.609794140281442,0.9746866776914517,0.3626865671641791,0.616828015449464,0.5449420815279865
246,"frozenset({'regency cakestand 3 tier', 'pink regency teacup and saucer'})",frozenset({'roses regency teacup and saucer'}),0.015776165347405453,0.04034740545294635,0.013357519788918205,0.8466898954703832,20.98498988882454,1.0,0.012720992449153715,6.259552150795551,0.9676120999835667,0.31233933161953725,0.8402441618969648,0.5888762828850553
247,"frozenset({'roses regency teacup and saucer', 'pink regency teacup and saucer'})",frozenset({'regency cakestand 3 tier'}),0.022372471416007036,0.0894349164467898,0.013357519788918205,0.597051597051597,6.675822159534513,1.0,0.011356639677119423,2.259756030525345,0.8696622089868584,0.13567839195979897,0.5574743527656295,0.37320311874706463
248,"frozenset({'regency cakestand 3 tier', 'roses regency teacup and saucer', 'green regency teacup and saucer'})",frozenset({'pink regency teacup and saucer'}),0.015721196130167106,0.02891380826737027,0.011983289357959543,0.7622377622377623,26.362413252147096,1.0,0.011528729707318167,4.084274276993121,0.9774336314924934,0.36700336700336705,0.7551584609209426,0.5883432157196417
249,"frozenset({'regency cakestand 3 tier', 'green regency teacup and saucer', 'pink regency teacup and saucer'})",frozenset({'roses regency teacup and saucer'}),0.013742304309586631,0.04034740545294635,0.011983289357959543,0.8720000000000001,21.61229427792916,1.0,0.01142882303412288,7.497285894898863,0.9670191105079671,0.28459530026109664,0.8666183984419752,0.5845013623978202
250,"frozenset({'regency cakestand 3 tier', 'roses regency teacup and saucer', 'pink regency teacup and saucer'})",frozenset({'green regency teacup and saucer'}),0.013357519788918205,0.03589489885664028,0.011983289357959543,0.8971193415637861,24.992948027149154,1.0,0.011503822536160753,9.371101583113468,0.9729853851968958,0.32153392330383485,0.8932889595603168,0.6154815697099176
251,"frozenset({'roses regency teacup and saucer', 'green regency teacup and saucer', 'pink regency teacup and saucer'})",frozenset({'regency cakestand 3 tier'}),0.01995382585751979,0.0894349164467898,0.011983289357959543,0.6005509641873279,6.7149496868444185,1.0,0.010198720609598467,2.279552588481485,0.8684065904379064,0.12302483069977427,0.5613174247205475,0.36726995044031424
252,"frozenset({'regency cakestand 3 tier', 'green regency teacup and saucer'})","frozenset({'roses regency teacup and saucer', 'pink regency teacup and saucer'})",0.01912928759894459,0.022372471416007036,0.011983289357959543,0.6264367816091955,28.000338896890625,1.0,0.011555319917943578,2.6170336919017663,0.9830919960760846,0.4059590316573558,0.6178879916240925,0.5810316586178655
253,"frozenset({'regency cakestand 3 tier', 'roses regency teacup and saucer'})","frozenset({'green regency teacup and saucer', 'pink regency teacup and saucer'})",0.021273087071240107,0.023746701846965697,0.011983289357959543,0.5633074935400517,23.721504450186625,1.0,0.011478123701914264,2.2355622863031024,0.9786633483533386,0.3627287853577371,0.5526852433829178,0.5339685615848406
254,"frozenset({'regency cakestand 3 tier', 'pink regency teacup and saucer'})","frozenset({'roses regency teacup and saucer', 'green regency teacup and saucer'})",0.015776165347405453,0.027814423922603342,0.011983289357959543,0.759581881533101,27.308920136067538,1.0,0.011544484407113724,4.043728410640766,0.9788240176876429,0.37913043478260877,0.752703471042077,0.5952059605293963
255,"frozenset({'green regency teacup and saucer', 'pink regency teacup and saucer'})","frozenset({'regency cakestand 3 tier', 'roses regency teacup and saucer'})",0.023746701846965697,0.021273087071240107,0.011983289357959543,0.5046296296296297,23.72150445018662,1.0,0.011478123701914264,1.9757477868468425,0.9811430696751798,0.3627287853577371,0.49386252301163847,0.5339685615848406
256,"frozenset({'roses regency teacup and saucer', 'pink regency teacup and saucer'})","frozenset({'regency cakestand 3 tier', 'green regency teacup and saucer'})",0.022372471416007036,0.01912928759894459,0.011983289357959543,0.5356265356265356,28.00033889689062,1.0,0.011555319917943578,2.112245396546188,0.9863533077302027,0.4059590316573558,0.5265701600604089,0.5810316586178655
257,"frozenset({'lunch bag pink polkadot', 'lunch bag  black skull.', 'lunch bag cars blue'})",frozenset({'lunch bag red retrospot'}),0.014072119613016711,0.0695910290237467,0.010334212840809147,0.734375,10.552725118483412,1.0,0.009354919556394066,3.502716126028248,0.9181581794370528,0.14092953523238383,0.7145072669266218,0.44143710505529227
258,"frozenset({'lunch bag red retrospot', 'lunch bag  black skull.', 'lunch bag cars blue'})",frozenset({'lunch bag pink polkadot'}),0.014072119613016711,0.050241864555848725,0.010334212840809147,0.734375,14.616794310722101,1.0,0.009627203313198258,3.575560039319158,0.944882039212709,0.19144602851323828,0.7203235328162982,0.4700321389496718
259,"frozenset({'lunch bag red retrospot', 'lunch bag pink polkadot', 'lunch bag cars blue'})",frozenset({'lunch bag  black skull.'}),0.014896657871591909,0.05711301671064204,0.010334212840809147,0.6937269372693727,12.146564430033136,1.0,0.009483419770856202,3.0785828008604343,0.9315491631712232,0.1675579322638146,0.675175213828743,0.43733507594941207
260,"frozenset({'lunch bag red retrospot', 'lunch bag pink polkadot', 'lunch bag  black skull.'})",frozenset({'lunch bag cars blue'}),0.01643579595426561,0.052110817941952506,0.010334212840809147,0.6287625418060201,12.065873587062361,1.0,0.009477730070105331,2.5533231120302364,0.9324471355135907,0.17752596789423986,0.6083535235754534,0.41353738904646997
